{"epoch": 2100, "epoch_iter": 144, "t": 0.0033475011587142944, "t_data": 0.0005421638488769531, "total_loss": 0.00807704497128725, "kl_loss": 0.00567170325666666, "fingertip_pos_loss": 0.0024053414817899466, "_timestamp": 1658799757, "_runtime": 1289, "_step": 1175, "test_total_loss": 0.013880737125873566, "test_kl_loss": 0.0012351756449788809, "test_fingertip_pos_loss": 0.012645561248064041, "_wandb": {"runtime": 1288}}