{"epoch": 17, "epoch_iter": 96, "t": 0.003227442502975464, "t_data": 0.0003077983856201172, "total_loss": 0.7359660863876343, "kl_loss": 0.025550037622451782, "fingertip_pos_loss": 0.7104160785675049, "_timestamp": 1658794486, "_runtime": 18, "_step": 8, "test_total_loss": 0.7196950316429138, "test_kl_loss": 0.021230220794677734, "test_fingertip_pos_loss": 0.6984648108482361, "_wandb": {"runtime": 18}}