{
	"class_name" : "PinholeCameraParameters",
	"extrinsic" : 
	[
		0.92197091435921674,
		-0.32222515215178316,
		-0.21480359493358148,
		0.0,
		-0.3215963551914936,
		-0.94607897934796592,
		0.038863210925731896,
		0.0,
		-0.21574386990868744,
		0.033249303100537642,
		-0.97588373612851653,
		0.0,
		0.01249351818554225,
		-0.0046344294550272943,
		0.32155154757607074,
		1.0
	],
	"intrinsic" : 
	{
		"height" : 1052,
		"intrinsic_matrix" : 
		[
			911.05872478122956,
			0.0,
			0.0,
			0.0,
			911.05872478122956,
			0.0,
			959.5,
			525.5,
			1.0
		],
		"width" : 1920
	},
	"version_major" : 1,
	"version_minor" : 0
}